{
  "name": "angular-resource",
  "version": "1.5.6",
  "license": "MIT",
  "main": "./angular-resource.js",
  "ignore": [],
  "dependencies": {
    "angular": "1.5.6"
  },
  "homepage": "https://github.com/angular/bower-angular-resource",
  "_release": "1.5.6",
  "_resolution": {
    "type": "version",
    "tag": "v1.5.6",
    "commit": "3a2ae4a8ddbbde1c7e0122a0e68857e019b35385"
  },
  "_source": "https://github.com/angular/bower-angular-resource.git",
  "_target": "^1.5.6",
  "_originalSource": "angular-resource",
  "_direct": true
}